site,log_id,species,treatment,time,year,diam_end1,diam1,dist1,diam2,dist2,diam_mid,dist_mid,diam3,dist3,diam4,dist4,diam5,dist5,diam_end2,est_diam,length,length_up,bark_missing,orient,aspect,slope,branch,volume,surf_area,sample_date
4,265,TSHE,N,0,1987,49,,,,,47.5,2.8,,,,,,,44.7,N,5.57,2.6,0.4,25,10,22,15,0.9788,8.235,
4,266,PSME,E,0,1987,50.4,,,,,,,,,,,,,46.1,Y,5.5,,,,,,,1.0076,8.336,
4,267,PSME,N,0,1987,49,,,,,48.8,2.8,,,,,,,46.5,N,5.54,2,0.3,60,20,6,7,1.0217,8.37,
4,268,THPL,N,0,1987,58,,,,,54.2,2.8,,,,,,,47.5,N,5.54,0.8,0,70,25,9,35,1.2597,9.265,
4,269,PSME,N,0,1986,52,,,,,46,2.7,,,,,,,45,N,5.48,2.2,0.3,350,180,10,0,0.9464,8.206,
4,270,ABAM,N,0,1986,55,,,,,54,2.7,,,,,,,53.4,N,5.47,1.8,0.2,20,135,10,4,1.2559,9.301,
4,271,TSHE,N,0,1987,52,,,,,49.9,2.8,,,,,,,43.5,N,5.51,1.3,0.4,50,40,16,2,1.0499,8.389,
4,272,THPL,N,0,1987,52,,,,,46.4,2.8,,,,,,,44.5,N,5.54,1.9,0,50,30,16,33,0.9642,8.29,
4,273,PSME,N,0,1987,53,,,,,52.5,2.8,,,,,,,52.1,N,5.55,0,0.4,50,30,22,5,1.2022,9.158,
4,274,TSHE,N,0,1987,56,,,,,54,2.8,,,,,,,52.5,N,5.56,2,0.5,50,10,20,13,1.2778,9.46,
4,275,THPL,N,0,1986,52,,,,,47,2.8,,,,,,,44,N,5.5,0,0,180,155,15,21,0.9702,8.236,
4,276,TSHE,N,0,1987,51,,,,,47.5,2.7,,,,,,,44.5,N,5.49,3.2,0.5,50,20,27,18,0.9778,8.22,
4,277,PSME,N,0,1987,51,,,,,51.5,2.8,,,,,,,47,N,5.54,2.8,0,20,20,32,0,1.1182,8.672,
4,278,PSME,N,0,1987,51.5,,,,,49.5,2.8,,,,,,,48,N,5.51,2.1,0.2,20,20,36,1,1.0644,8.596,
4,279,PSME,N,0,1987,54,,,,,53,2.8,,,,,,,52,N,5.52,1.1,0.1,15,20,18,3,1.218,9.189,
4,280,PSME,N,0,1987,52.5,,,,,50.5,2.7,,,,,,,45.5,N,5.48,2.1,0.1,10,20,18,13,1.078,8.521,
4,281,THPL,N,0,1987,58,,,,,54.5,2.8,,,,,,,49,N,5.54,0,0,10,10,18,5,1.2797,9.369,
4,282,TSHE,N,0,1987,56,,,,,55.5,2.8,,,,,,,50,N,5.57,4,0.2,,0,31,0,1.3093,9.419,
4,283,TSHE,N,0,1986,60,,,,,58,2.8,,,,,,,56,N,5.58,2.2,0.2,315,150,15,5,1.4749,10.166,
4,284,TSHE,N,0,1987,51,,,,,53,2.8,,,,,,,50,N,5.53,3,0.3,330,0,28,4,1.1826,8.917,
4,285,TSHE,N,0,1987,57.5,,,,,56,2.8,,,,,,,54.5,N,5.5,0.4,0.5,20,,12,15,1.355,9.674,
4,286,THPL,N,0,1987,57.5,,,,,54.5,2.8,,,,,,,53,N,5.6,1.1,0.1,340,340,34,20,1.3192,9.675,
4,287,TSHE,N,0,1987,62,,,,,61,2.8,,,,,,,57,N,5.59,0.5,0.1,345,340,36,11,1.6081,10.535,
4,288,PSME,E,0,1987,56,,,,,,,,,,,,,53.4,Y,5.5,,,,,,,1.2932,9.45,
4,289,TSHE,N,0,1987,52,,,,,49,2.8,,,,,,,47,N,5.59,1.5,0,335,335,37,15,1.0623,8.662,
4,290,ABAM,N,0,1987,49,,,,,49,2.8,,,,,,,43,N,5.53,3,0,240,330,14,12,1.0029,8.165,
4,291,TSHE,N,0,1987,58,,,,,53,2.8,,,,,,,49,N,5.52,1.2,0.3,270,350,11,0,1.2284,9.248,
4,292,ABAM,N,0,1987,51,,,,,48.5,2.8,,,,,,,45,N,5.5,0.8,0.1,30,350,19,2,1.0104,8.322,
4,293,TSHE,E,0,1986,60,,,,,56,2.7,,,,,,,53,N,5.42,0.7,0.3,140,140,17,20,1.3447,9.591,
4,294,TSHE,E,0,1987,50.3,,,,,,,,,,,,,46.6,Y,5.5,,,,,,,1.0155,8.37,
4,295,ABAM,N,0,1987,58,,,,,51,2.8,,,,,,,51,N,5.5,0,0.2,,350,26,0,1.1785,9.215,
4,296,ABAM,N,0,1987,56,,,,,48,2.8,,,,,,,44,N,5.53,1.6,0.3,335,325,28,1,1.0343,8.571,
4,297,ABAM,N,0,1987,45,,,,,43.5,2.8,,,,,,,39,N,5.51,0.9,0.1,350,330,28,4,0.8017,7.356,
4,298,PSME,E,0,1987,45.5,,,,,,,,,,,,,43,Y,5.5,,,,,,,0.8465,7.644,
4,299,TSHE,E,0,1987,54.3,,,,,,,,,,,,,50.9,Y,5.5,,,,,,,1.1964,9.087,
4,300,THPL,N,0,1987,60,,,,,57,2.7,,,,,,,51,N,5.47,3.3,0.1,350,0,43,21,1.3745,9.623,
4,301,ABAM,N,0,1987,45,,,,,44.5,2.8,,,,,,,41,N,5.5,3.9,0.1,10,10,26,3,0.8371,7.515,
4,302,PSME,E,0,1987,50.6,,,,,,,,,,,,,49.6,Y,5.5,,,,,,,1.0844,8.655,
4,303,PSME,E,0,1987,57.5,,,,,,,,,,,,,47.6,Y,5.5,,,,,,,1.2035,9.08,
4,304,TSHE,N,0,1987,48.5,,,,,47,2.8,,,,,,,43.5,N,5.57,3.3,0.6,35,350,24,4,0.9537,8.107,
4,305,THPL,N,0,1987,47.5,,,,,48,2.8,,,,,,,42.5,N,5.58,3.7,0,30,350,22,15,0.9699,8.063,
4,306,TSHE,E,0,1987,61.3,,,,,,,,,,,,,58,Y,5.5,,,,,,,1.5382,10.305,
4,307,THPL,N,0,1987,47.5,,,,,48.5,2.8,,,,,,,43,N,5.62,1.8,0,5,5,28,31,0.9942,8.18,
4,308,TSHE,E,0,1987,58.9,,,,,,,,,,,,,46.8,Y,5.5,,,,,,,1.2224,9.132,
4,309,PSME,N,0,1987,49.5,,,,,47.5,2.6,,,,,,,44.5,N,5.25,2.6,0.1,25,150,13,0,0.9247,7.778,
4,310,TSHE,N,0,1987,52.5,,,,,51.5,2.8,,,,,,,46.5,N,5.55,3,0.2,40,140,17,16,1.1281,8.746,
4,311,PSME,N,0,1987,57,,,,,56,2.8,,,,,,,54,N,5.55,2.7,0,42,140,4,0,1.3592,9.704,
4,312,PSME,N,0,1987,63.5,,,,,56.5,2.8,,,,,,,52,N,5.56,2.4,0.2,37,140,13,0,1.4196,10.015,
4,313,TSHE,N,0,1987,49,,,,,47,2.8,,,,,,,44,N,5.6,2.6,0.4,67,155,9,4,0.9656,8.209,
4,314,PSME,N,0,1987,51.5,,,,,50.5,2.8,,,,,,,45,N,5.55,0.5,0.1,54,140,8,1,1.0809,8.543,
4,315,ABAM,N,0,1987,58.5,,,,,58,2.8,,,,,,,54.5,N,5.56,3,0.1,35,100,9,12,1.4446,9.955,
4,316,PSME,N,0,1987,59.5,,,,,52.5,2.8,,,,,,,46.5,N,5.51,3.3,0.2,42,140,6,0,1.2065,9.146,
4,317,PSME,N,0,1987,49,,,,,44,2.8,,,,,,,41.5,N,5.54,0.7,0.1,22,125,10,12,0.8606,7.802,
4,318,PSME,E,0,1987,57.6,,,,,,,,,,,,,54,Y,5.5,,,,,,,1.3464,9.64,
4,319,TSHE,E,0,1987,54.2,,,,,,,,,,,,,47,Y,5.5,,,,,,,1.1116,8.742,
4,320,TSHE,N,0,1987,51.5,,,,,51.5,2.8,,,,,,,46.5,N,5.56,0.5,0.5,20,170,17,3,1.1225,8.704,
4,321,PSME,E,0,1987,48.3,,,,,,,,,,,,,43.3,Y,5.5,,,,,,,0.9088,7.913,
4,322,ABAM,N,0,1987,52,,,,,52,2.8,,,,,,,48,N,5.55,0,0,345,170,25,4,1.1496,8.833,
4,323,ABAM,N,0,1987,53.5,,,,,53.5,2.8,,,,,,,48,N,5.56,0,0.4,340,170,32,3,1.2093,9.024,
4,324,PSME,E,0,1986,60,,,,,57,2.8,,,,,,,51,N,5.56,1,0.1,110,125,15,1,1.3972,9.781,
4,325,ABAM,N,0,1987,53.5,,,,,51.5,2.8,,,,,,,48,N,5.57,0,0,325,170,25,14,1.1502,8.923,
4,326,ABAM,N,0,1987,60,,,,,56,2.8,,,,,,,52,N,5.63,0,0,330,160,30,0,1.389,9.904,
4,327,THPL,N,0,1987,56.5,,,,,55.5,3,,,,,,,51,N,5.9,1.7,0.5,340,165,22,2,1.399,10.07,
4,328,ABAM,N,0,1987,50,,,,,49,2.8,,,,,,,46.5,N,5.51,0,0,327,160,38,5,1.029,8.394,
4,329,THPL,N,0,1987,54,,,,,50.5,2.8,,,,,,,45.5,N,5.55,2.8,0,325,160,26,26,1.1033,8.717,
4,330,THPL,N,0,1987,52,,,,,50.5,2.8,,,,,,,45,N,5.54,2.1,0.1,325,165,18,19,1.0827,8.556,
4,331,THPL,N,0,1987,62.5,,,,,61,2.8,,,,,,,54.5,N,5.57,1.8,0,325,170,29,13,1.5866,10.382,
4,332,THPL,N,0,1987,62.5,,,,,58.5,2.8,,,,,,,53,N,5.55,3.4,0.1,327,175,34,18,1.4824,10.112,
4,333,TSHE,E,0,1987,50.6,,,,,,,,,,,,,44.3,Y,5.5,,,,,,,0.9769,8.198,
4,334,TSHE,N,0,1987,56,,,,,55,2.8,,,,,,,51.5,N,5.51,2.4,0.3,94,200,3,3,1.2902,9.375,
4,335,PSME,N,0,1987,53,,,,,50.5,2.8,,,,,,,46.5,N,5.58,1.6,0.1,100,190,5,0,1.1082,8.764,
4,336,TSHE,E,0,1987,50.5,,,,,,,,,,,,,44.7,Y,5.5,,,,,,,0.9824,8.224,
4,337,PSME,E,0,1987,52.9,,,,,,,,,,,,,50.3,Y,5.5,,,,,,,1.1509,8.914,
4,338,TSHE,N,0,1987,60,,,,,57,2.8,,,,,,,51,N,5.6,1,0.2,42,180,29,17,1.4072,9.852,
4,339,THPL,N,0,1987,61.5,,,,,55,2.8,,,,,,,49.5,N,5.54,3.5,0.1,10,170,21,4,1.3294,9.631,
4,340,TSHE,E,0,1987,55,,,,,,,,,,,,,42.2,Y,5.5,,,,,,,1.038,8.398,
4,341,THPL,N,0,1987,66.5,,,,,55,2.8,,,,,,,51,N,5.62,0,0.1,18,175,19,9,1.4068,10.155,
4,342,ABAM,N,0,1987,50.5,,,,,47,2.8,,,,,,,45,N,5.53,2.4,0,20,170,290,0,0.9708,8.251,
4,343,PSME,E,0,1987,49.4,,,,,,,,,,,,,47,Y,5.5,,,,,,,1.0042,8.327,
4,344,ABAM,N,0,1987,55.5,,,,,51,2.7,,,,,,,49.5,N,5.39,3.3,0.2,20,170,1,2,1.1243,8.804,
4,345,PSME,N,0,1987,58.5,,,,,57.5,2.8,,,,,,,54,N,5.56,1.6,0.1,357,175,21,0,1.4238,9.897,
4,346,ABAM,N,0,1987,56.5,,,,,48.5,2.8,,,,,,,46.5,N,5.56,2.5,0.4,22,170,32,0,1.0745,8.821,
4,347,TSHE,N,0,1987,58.5,,,,,57,2.8,,,,,,,53.5,N,5.62,2.7,0.1,5,175,20,10,1.4184,9.945,
4,348,PSME,N,0,1987,52.5,,,,,52.5,2.8,,,,,,,49.5,N,5.55,3.2,0.1,345,170,33,1,1.1792,8.978,
4,349,THPL,N,0,1987,61.5,,,,,61,2.8,,,,,,,57.5,N,5.51,1.2,0.3,20,190,33,9,1.5848,10.385,
4,350,TSHE,N,0,1987,57.8,,,,,56.6,2.8,,,,,,,54.5,N,5.56,3,0.2,5,190,28,0,1.3919,9.832,
4,351,TSHE,E,0,1987,56.5,,,,,,,,,,,,,52,Y,5.5,,,,,,,1.2735,9.372,
4,352,TSHE,N,0,1987,53.5,,,,,50.5,2.8,,,,,,,46,N,5.5,2,0.2,355,185,35,12,1.0928,8.639,
4,353,PSME,N,0,1987,50,,,,,48,2.8,,,,,,,47.5,N,5.56,1.8,0.1,352,165,3,0,1.0169,8.47,
4,354,PSME,N,0,1987,54.5,,,,,52.5,2.8,,,,,,,48,N,5.52,1,0,352,160,23,0,1.1777,8.959,
4,355,PSME,N,0,1987,45.5,,,,,47,2.8,,,,,,,48.5,N,5.55,2.9,0.1,352,160,17,0,0.9632,8.193,
4,356,ABAM,N,0,1987,45,,,,,42,2.8,,,,,,,44.5,N,5.52,1.5,0,348,160,23,1,0.7993,7.6,
4,357,PSME,N,0,1987,61,,,,,54,2.8,,,,,,,50.5,N,5.53,0,0,344,160,38,0,1.2983,9.584,
4,358,TSHE,N,0,1987,48,,,,,45.5,2.7,,,,,,,44,N,5.48,3.5,0.1,342,160,37,2,0.8982,7.889,
4,359,THPL,N,0,1987,57,,,,,53,2.7,,,,,,,47.5,N,5.48,4.2,0,342,160,22,21,1.2009,9.038,
4,360,THPL,N,0,1987,60,,,,,46,2.7,,,,,,,40,N,5.45,3.1,0,355,185,26,1,0.9748,8.337,
4,900,ABAM,N,0,1987,44.5,,,,,44.5,2.8,,,,,,,40,N,5.53,4.3,0,340,140,32,3,0.8325,7.469,
4,269,PSME,N,1,1986,52,,0.2,,0.7,46,2.7,,1.7,,2.6,,3.6,45,N,5.48,2.2,0.3,350,180,10,0,0.9464,8.206,
4,270,ABAM,N,1,1986,55,,0.2,,0.9,54,2.7,,1.7,,2.8,,3.8,53.4,N,5.47,1.8,0.2,20,135,10,4,1.2559,9.301,
4,275,THPL,N,1,1986,52,,0.5,,1.4,47,2.8,,2.3,,3.3,,4.2,44,N,5.5,0,0,180,155,15,21,0.9702,8.236,
4,283,TSHE,N,1,1986,60,,0.7,,1.5,58,2.8,,2.4,,3.3,,4.3,56,N,5.58,2.2,0.2,315,150,15,5,1.4749,10.166,
4,293,TSHE,E,1,1986,60,,0.5,,1.2,56,2.7,,1.6,,2.8,,3.3,53,N,5.42,0.7,0.3,140,140,17,20,1.3447,9.591,
4,324,PSME,E,1,1986,60,,0.5,,1.1,57,2.8,,1.8,,3.1,,3.6,51,N,5.56,1,0.1,110,125,15,1,1.3972,9.781,
4,267,PSME,N,2,1987,47.5,,0.6,,1.5,48.5,2.8,,2.3,,3,,3.9,47,N,5.56,0.8,0.1,,,,0,1.0098,8.325,
4,334,TSHE,N,2,1987,56.5,,0.4,,1.2,54.5,2.7,,2.3,,3.1,,3.9,52.5,N,5.46,3.7,0.3,,,,2,1.2743,9.347,
4,339,THPL,N,2,1987,61,,0.3,,1.1,55,2.7,,1.9,,3,,4,50,N,5.48,3.2,0.2,,,,5,1.3142,9.526,
4,344,ABAM,N,2,1987,57.5,,,,,51.5,2.7,,,,,,,48,N,5.36,3.8,0.2,,,,3,1.138,8.812,
4,305,THPL,N,3,1988,49.2,,0.5,,1.6,45.7,2.8,,2.8,,3.7,,4.4,42.2,N,5.59,0,0,,,,10,0.9187,8.025,
4,311,THPL,N,3,1988,57,,0.4,,1.3,56,2.8,,2.6,,3.4,,4.4,54,Y,5.55,,,42,140,4,0,1.3592,9.704,
4,320,TSHE,N,3,1988,51.8,,0.4,,1.4,50.4,2.8,,2.7,,3.5,,4.7,49.1,N,5.57,0,0.5,,,,4,1.1122,8.824,
4,346,ABAM,N,3,1988,56.3,,,,,47.7,2.8,,,,,,,46.8,N,5.56,0,0.4,,,,0,1.0525,8.781,
4,322,ABAM,N,4,1989,52,,0.3,,1.4,51,2.8,,2.5,,3.6,,4.5,47,N,5.53,0,0.2,345,170,25,5,1.1088,8.685,
4,349,THPL,N,4,1989,62,,0.3,,1.3,61.5,2.8,,2.7,,3.6,,4.7,59,N,5.55,1.5,0.4,20,190,33,9,1.6313,10.605,
4,350,TSHE,N,4,1989,57.8,,0.4,,1.3,56.6,2.8,,2.4,,3.3,,4.3,54.5,N,5.54,2.7,0.4,5,190,28,0,1.3869,9.797,
4,354,PSME,N,4,1989,55.5,,0.3,,1.5,51.5,2.8,,2.5,,3.7,,4.7,49.5,N,5.51,1,0,352,160,23,0,1.1641,9.029,
4,280,PSME,N,5,1990,53,,0.4,,1.6,49,2.7,,2.6,,3.4,,4.3,47,N,5.49,2,0.1,,,,0,1.0508,8.565,
4,281,THPL,N,5,1990,58,,0.3,,1.2,55,2.8,,2.4,,3.3,,4.5,50,N,5.54,1,0,,,,4,1.3027,9.456,
4,284,TSHE,N,5,1990,54,,0.5,,1.3,52,2.8,,2.4,,3.4,,4.3,50,N,5.53,2.2,0.4,,,,2,1.175,9.032,
4,297,ABAM,N,5,1990,44,,0.5,,1.3,41,2.8,,2.4,,3.6,,4.6,40,N,5.51,0.5,0.1,,,,0,0.74,7.211,
4,281,THPL,N,6,1991,58,,0.8,,4.1,55,2.8,,,,,,,50,N,5.54,1,0,,,,4,1.3027,9.456,
4,311,PSME,N,6,1991,56.9,,0.8,,3,55.4,2.8,,,,,,,54.2,N,5.55,,,,,,0,1.3405,9.675,
4,320,TSHE,N,6,1991,51.8,,0.8,,1.9,50.4,2.8,,,,,,,49.1,N,5.57,0,0.5,,,,4,1.1122,8.824,
4,322,ABAM,N,6,1991,52,,2.1,,2.8,51,2.8,,,,,,,47,N,5.53,0,0.2,345,170,25,5,1.1088,8.685,
4,270,ABAM,N,7,1992,55,,1.3,,2.4,54,2.7,,,,,,,53.4,N,5.47,1.8,0.2,,,,4,1.2559,9.301,
4,305,THPL,N,7,1992,49.2,,0.9,,3.3,45.7,2.8,,,,,,,42.2,N,5.59,0,0,,,,10,0.9187,8.025,
4,350,TSHE,N,7,1992,57.8,,1.8,,2.9,56.6,2.8,,,,,,,54.5,N,5.54,2.7,0.4,,,,0,1.3869,9.797,
4,354,PSME,N,7,1992,55.5,,2.1,,3.1,51.5,2.8,,,,,,,49.5,N,5.51,1,0,,,,0,1.1641,9.029,
4,272,THPL,N,8,1993,52,,0.4,,1.3,46.4,2.8,,2.5,,3.5,,4.6,44.5,N,5.54,1.9,0,,,,33,0.9642,8.29,
4,304,TSHE,N,8,1993,48.5,,0.3,,1.4,47,2.8,,2.7,,3.6,,4.6,43.5,N,5.57,3.3,0.6,,,,4,0.9537,8.107,
4,312,PSME,N,8,1993,63.5,,0.4,,1.5,56.5,2.8,,2.7,,3.6,,4.6,52,N,5.56,2.4,0.2,,,,0,1.4196,10.015,
4,900,ABAM,N,8,1993,44.5,,0.3,,1.1,44.5,2.8,,2.3,,3.2,,4.5,40,N,5.53,4.3,0,,,,3,0.8325,7.469,
4,272,THPL,N,10,1995,52,,1.7,,3.8,46.4,2.8,,,,,,,44.5,N,5.54,1.9,0,,,,33,0.9642,8.29,
4,304,TSHE,N,10,1995,48.5,,2,,3.2,47,2.8,,,,,,,43.5,N,5.57,3.3,0.6,,,,4,0.9537,8.107,
4,312,PSME,N,10,1995,63.5,,,,,56.5,2.8,,,,,,,52,N,5.56,2.4,0.2,,,,0,1.4196,10.015,
4,319,TSHE,E,10,1995,54.2,,3.2,,4.2,,,,,,,,,47,Y,5.5,,,,,,,1.1116,8.742,
4,321,PSME,E,10,1995,48.3,,0.9,,1.5,,,,,,,,,43.3,Y,5.5,,,,,,,0.9088,7.913,
4,827,PSME,J,10,1995,81,,1.8,,2.4,,,,,,,,,81,Y,3.15,,,,,,,1.6232,8.014,
4,281,THPL,N,12,1997,58,,2.7,,3.4,55,2.8,,,,,,,50,Y,5.54,1,,,,,,1.3027,9.456,
4,284,TSHE,N,12,1997,54,,1.5,,4.6,52,2.8,,,,,,,50,Y,5.53,2.2,0.4,,,,2,1.175,9.032,
4,312,PSME,N,12,1997,63.5,,1.3,,2.3,56.5,2.8,,,,,,,52,Y,5.56,2.4,0.2,,,,,1.4196,10.015,
4,344,ABAM,N,12,1997,57.5,,,,,51.5,2.7,,,,,,,48,Y,5.36,3.8,0.2,,,,3,1.138,8.812,
4,289,TSHE,N,16,2001,51,,1.1,,1.9,,,,2.6,,3.6,,4.4,45,N,5.59,1.4,0.4,,,,,1.0155,8.428,
4,296,ABAM,N,16,2001,54,,1.1,,1.8,,,,2.6,,3.5,,4.4,44,N,5.5,0,2,,,,,1.048,8.466,
4,330,THPL,N,16,2001,51,,1.1,,1.9,,,,2.5,,3.3,,4.1,43,N,5.53,3.3,1.2,,,,,0.9664,8.165,
4,353,PSME,N,16,2001,50,,1.1,,2,,,,2.6,,3.6,,4.4,45,N,5.55,1.6,0.4,,,,,0.9862,8.281,
4,277,PSME,N,20,2005,52,,1.2,,1.9,,,,2.8,,3.5,,4.1,47,N,5.54,3,1,,,,,1.0689,8.614,
4,300,THPL,N,20,2005,53,,1,,1.8,,,,2.6,,3.4,,4.3,48,N,5.47,1,5,,,,,1.0983,8.677,
4,326,ABAM,N,20,2005,51,,1.1,,2,,,,2.8,,3.7,,4.5,42,N,5.54,0,3.5,,,,,0.9496,8.093,
4,338,TSHE,N,20,2005,62,,1.2,,2.3,,,,2.9,,3.5,,4.2,51.5,N,5.56,1,0.2,,,,,1.4184,9.913,
4,827,PSME,J,20,2005,81,,1.4,,1.8,,,,,,,,,81,N,3.15,0,0,,,,,1.6232,8.014,
4,273,PSME,N,30,2015,51.5,51,0.8,45.5,1.8,47.5,2.8,,2.8,48,3.8,48,4.8,46,N,5.5,0,1.5,,,,,1.0073,8.348,
4,295,ABAM,N,30,2015,48.2,41.4,0.8,36.7,1.8,33.3,2.8,,2.8,38.7,3.8,38.6,4.8,34.3,N,5.5,0,6.5,,,,,0.6182,6.671,
4,310,TSHE,N,30,2015,49.4,48,0.8,50,1.8,44,2.8,,2.8,43,3.8,41.5,4.8,41.5,N,5.56,0.7,3.3,,,,,0.8999,7.855,
4,329,THPL,N,30,2015,49.5,45,0.8,44.4,1.8,42.5,2.8,,2.8,40.9,3.8,42,4.8,40,N,5.58,2.3,1.9,,,,,0.8098,7.712,
4,828,PSME,J,30,2016,80,,1.6,,3.3,,,,,,,,,75,N,5.71,0,2.3,15,150,10,0,,,
5,361,PSME,N,0,1987,59.5,,,,,57,2.8,,,,,,,53,N,5.57,0.8,0,350,210,9,2,1.4105,9.886,7/28/1987
5,362,THPL,N,0,1987,51,,,,,58,2.7,,,,,,,53,N,5.48,1.1,0.1,340,220,3,7,1.3533,9.297,7/28/1987
5,363,TSHE,N,0,1987,52.5,,,,,49.5,2.8,,,,,,,40.5,N,5.55,3.1,0.2,323,240,8,16,1.0314,8.283,7/28/1987
5,364,PSME,N,0,1987,61.5,,,,,60.5,2.8,,,,,,,58,N,5.52,1.8,0,326,250,3,13,1.5743,10.403,7/28/1987
5,365,PSME,E,0,1987,70,,,,,,,,,,,,,55.9,Y,5.5,,,,,,,1.7332,10.879,7/28/1987
5,366,THPL,N,0,1987,52,,,,,56.5,2.5,,,,,,,65,N,5,0.2,0.7,334,250,5,0,1.2892,9.086,7/28/1987
5,367,ABAM,N,0,1987,53,,,,,45.5,2.7,,,,,,,41.5,N,5.45,0.1,1.8,322,240,6,15,0.914,7.991,7/28/1987
5,368,TSHE,N,0,1987,47,,,,,45.5,2.8,,,,,,,43,N,5.5,1.5,0.1,150,235,5,5,0.8883,7.803,7/28/1987
5,369,TSHE,N,0,1987,47,,,,,51,2.8,,,,,,,52.5,N,5.6,1.4,0.3,315,230,2,16,1.1266,8.825,7/28/1987
5,370,ABAM,N,0,1987,48,,,,,51,2.8,,,,,,,56.5,N,5.56,2.1,0.1,324,240,9,10,1.1572,9.053,7/28/1987
5,371,TSHE,N,0,1987,52,,,,,51,2.8,,,,,,,47,N,5.53,2.9,0.6,288,220,1,3,1.1088,8.685,7/28/1987
5,372,PSME,E,0,1987,55.7,,,,,,,,,,,,,50.7,Y,5.5,,,,,,,1.2253,9.191,7/28/1987
5,373,THPL,N,0,1987,59.5,,,,,65,2.8,,,,,,,66,N,5.55,1.3,0,292,200,8,4,1.8014,11.071,7/28/1987
5,374,PSME,N,0,1986,55,,,,,52,2.8,,,,,,,48,N,5.52,0.5,0,245,170,0,19,1.1666,8.959,9/10/1986
5,375,TSHE,N,0,1987,57,,,,,61.5,2.8,,,,,,,61.5,N,5.62,0,0.5,262,210,11,5,1.6302,10.592,7/28/1987
5,376,TSHE,E,0,1987,59.9,,,,,,,,,,,,,52.4,Y,5.5,,,,,,,1.368,9.701,7/28/1987
5,377,ABAM,N,0,1987,49.5,,,,,52.5,2.8,,,,,,,54,N,5.58,1.6,0,260,200,4,4,1.1973,9.114,7/28/1987
5,378,PSME,N,0,1987,52,,,,,53,2.8,,,,,,,55,N,5.55,1.5,0.3,255,195,13,0,1.2325,9.298,7/27/1987
5,379,PSME,E,0,1987,45.2,,,,,,,,,,,,,44.8,Y,5.5,,,,,,,0.8748,7.774,7/27/1987
5,380,PSME,N,0,1987,49.5,,,,,49,2.8,,,,,,,47.5,N,5.5,2,0.2,208,210,20,5,1.0303,8.407,7/27/1987
5,381,TSHE,E,0,1986,62,,,,,59,2.8,,,,,,,57,N,5.53,0,0.2,140,140,5,5,1.5214,10.306,9/10/1986
5,382,THPL,N,0,1986,61,,,,,46,2.8,,,,,,,43,N,5.58,3.2,0.1,330,155,3,2,1.0251,8.77,9/10/1986
5,383,ABAM,N,0,1987,48,,,,,51.5,2.8,,,,,,,53,N,5.54,1.5,0,195,190,14,7,1.1401,8.846,7/27/1987
5,384,THPL,N,0,1987,58,,,,,64,2.8,,,,,,,65,N,5.55,2.5,0,200,195,14,25,1.7416,10.868,7/27/1987
5,385,TSHE,N,0,1987,53.5,,,,,58,2.8,,,,,,,60.5,N,5.55,2.8,0.2,125,170,11,0,1.4514,9.996,7/27/1987
5,386,PSME,E,0,1987,50.9,,,,,,,,,,,,,50.7,Y,5.5,,,,,,,1.1148,8.776,7/27/1987
5,387,THPL,N,0,1987,46,,,,,50.5,2.8,,,,,,,54,N,5.55,2.6,0,100,190,0,8,1.1067,8.746,7/27/1987
5,388,TSHE,N,0,1987,46.5,,,,,50,2.8,,,,,,,57,N,5.54,1.8,0.6,115,190,12,0,1.1176,8.905,7/27/1987
5,389,THPL,N,0,1987,50.5,,,,,50.5,2.8,,,,,,,60,N,5.55,3.5,0,94,190,9,4,1.1879,9.358,7/27/1987
5,390,ABAM,N,0,1987,64,,,,,57,2.8,,,,,,,54,N,5.59,1.9,0,90,180,4,18,1.464,10.244,7/27/1987
5,391,PSME,E,0,1987,56.6,,,,,,,,,,,,,53.2,Y,5.5,,,,,,,1.3032,9.484,7/27/1987
5,392,TSHE,E,0,1987,56,,,,,55,2.9,,,,,,,50.5,N,5.75,1.6,0.3,84,210,9,2,1.3387,9.723,7/27/1987
5,393,ABAM,N,0,1987,44.5,,,,,45,2.9,,,,,,,40.5,N,5.84,2.7,0.1,87,210,8,15,0.896,7.949,7/27/1987
5,394,ABAM,N,0,1986,59,,,,,56,2.8,,,,,,,53,N,5.52,1.4,0,250,185,10,22,1.3609,9.71,9/10/1986
5,395,TSHE,E,0,1987,52.6,,,,,,,,,,,,,47,Y,5.5,,,,,,,1.0747,8.604,7/28/1987
5,396,TSHE,N,0,1987,51,,,,,45,2.8,,,,,,,44,N,5.56,3.1,0.2,72,247,21,1,0.9197,8.151,7/28/1987
5,397,THPL,N,0,1987,59.5,,,,,55,2.8,,,,,,,48.5,N,5.52,0.3,0,82,240,14,14,1.3001,9.422,7/28/1987
5,398,TSHE,N,0,1987,53.5,,,,,55.5,2.8,,,,,,,49,N,5.54,0.4,0.2,80,222,17,12,1.2752,9.166,7/28/1987
5,399,PSME,N,0,1987,53,,,,,52.5,2.8,,,,,,,49.5,N,5.54,1.1,0.1,83,225,14,0,1.1809,8.991,7/28/1987
5,400,ABAM,N,0,1987,54,,,,,56,2.7,,,,,,,61.5,N,5.49,0.9,0,165,220,14,20,1.3828,9.859,7/28/1987
5,401,ABAM,N,0,1987,49.5,,,,,55,2.8,,,,,,,57,N,5.52,1.6,0.1,160,220,16,16,1.2861,9.335,7/28/1987
5,402,PSME,N,0,1987,61,,,,,60.5,2.8,,,,,,,53.5,N,5.56,1.4,0,167,230,2,1,1.5447,10.189,7/28/1987
5,403,PSME,E,0,1986,59,,,,,56,2.8,,,,,,,53,N,5.54,2.6,0.1,315,215,5,4,1.3658,9.745,9/10/1986
5,404,TSHE,N,0,1987,51.5,,,,,55,2.8,,,,,,,55.5,N,5.55,1,0.1,160,305,12,6,1.2955,9.414,7/28/1987
5,405,ABAM,N,0,1987,44.5,,,,,45.5,2.8,,,,,,,47.5,N,5.54,2.5,0.1,155,305,9,17,0.9078,7.976,7/28/1987
5,406,TSHE,E,0,1987,48.5,,,,,,,,,,,,,44.8,Y,5.5,,,,,,,0.9415,8.059,7/28/1987
5,407,PSME,N,0,1987,50,,,,,48.5,2.8,,,,,,,44,N,5.55,1.9,0.6,115,305,29,7,1.0058,8.281,7/28/1987
5,408,TSHE,N,0,1987,47,,,,,45.5,2.8,,,,,,,41,N,5.57,1.4,0.2,123,295,18,6,0.8874,7.786,7/28/1987
5,409,ABAM,N,0,1987,61.5,,,,,55.5,2.8,,,,,,,52.5,N,5.55,1,0,120,290,24,9,1.3701,9.851,7/28/1987
5,410,TSHE,E,0,1987,64.7,,,,,,,,,,,,,52,Y,5.5,,,,,,,1.4882,10.083,7/28/1987
5,411,ABAM,N,0,1987,54,,,,,58,2.8,,,,,,,58,N,5.56,2.3,0,105,280,18,2,1.4364,9.897,7/28/1987
5,412,TSHE,N,0,1987,58,,,,,55.5,2.8,,,,,,,51,N,5.56,1.9,0,117,290,10,14,1.3309,9.577,7/28/1987
5,413,TSHE,N,0,1987,47,,,,,51.5,2.8,,,,,,,53,N,5.6,2.5,0.2,110,315,8,2,1.1455,8.883,7/28/1987
5,414,TSHE,N,0,1986,59,,,,,57,2.7,,,,,,,54,N,5.46,3.8,0.3,55,175,0,11,1.386,9.719,9/10/1986
5,415,PSME,N,0,1987,58,,,,,56,2.8,,,,,,,53.5,N,5.55,3.1,0,90,200,7,10,1.3636,9.733,7/28/1987
5,416,TSHE,E,0,1987,57.7,,,,,,,,,,,,,52.1,Y,5.5,,,,,,,1.3053,9.485,7/28/1987
5,417,ABAM,N,0,1987,57,,,,,60,2.8,,,,,,,64,N,5.55,0,0.1,93,189,1,0,1.5798,10.518,7/28/1987
5,418,PSME,N,0,1987,63.5,,,,,61,2.8,,,,,,,58,N,5.55,2.7,0,95,190,3,5,1.6186,10.605,7/28/1987
5,419,TSHE,N,0,1987,50.5,,,,,52.5,2.8,,,,,,,53.5,N,5.57,1.3,0.4,110,195,0,8,1.1985,9.127,7/28/1987
5,420,TSHE,E,0,1987,61.6,,,,,,,,,,,,,57.6,Y,5.5,,,,,,,1.5362,10.296,7/28/1987
5,421,THPL,N,0,1987,50,,,,,51,2.8,,,,,,,44,N,5.59,0.9,0,80,185,4,5,1.0859,8.488,7/28/1987
5,422,TSHE,N,0,1987,55,,,,,51,2.8,,,,,,,47.5,N,5.56,1.5,0.2,90,190,3,16,1.1416,8.937,7/28/1987
5,423,PSME,N,0,1987,51,,,,,56.5,2.8,,,,,,,58,N,5.53,2.7,0,82,190,1,11,1.3561,9.583,7/28/1987
5,424,PSME,N,0,1987,52,,,,,53,2.8,,,,,,,56,N,5.56,0.8,0,100,180,6,0,1.2428,9.373,7/28/1987
5,425,PSME,N,0,1987,59,,,,,61,2.8,,,,,,,57.5,N,5.54,0.2,0,60,170,3,0,1.5716,10.296,7/28/1987
5,426,TSHE,E,0,1987,56.2,,,,,,,,,,,,,47.8,Y,5.5,,,,,,,1.1757,8.984,7/28/1987
5,427,THPL,N,0,1987,60,,,,,49,2.8,,,,,,,44,N,5.61,2.7,0,76,170,3,0,1.1118,8.991,7/28/1987
5,428,PSME,N,0,1987,55.5,,,,,51.5,2.8,,,,,,,48.5,N,5.52,3.5,0.1,73,175,0,1,1.1591,8.988,7/28/1987
5,429,TSHE,E,0,1987,53.6,,,,,,,,,,,,,46.8,Y,5.5,,,,,,,1.0936,8.673,7/28/1987
5,430,TSHE,N,0,1987,55,,,,,60.5,2.8,,,,,,,62.5,N,5.62,0.9,0.1,7,190,15,6,1.587,10.475,7/28/1987
5,431,PSME,N,0,1987,57,,,,,61,2.8,,,,,,,61,N,5.54,2.1,0.3,13,190,12,11,1.5848,10.383,7/28/1987
5,432,THPL,N,0,1987,59.5,,,,,50,2.7,,,,,,,44.5,N,5.46,2.9,0,7,170,27,7,1.1093,8.807,7/28/1987
5,433,PSME,N,0,1987,54,,,,,54,2.7,,,,,,,62,N,5.46,1.3,0.1,350,160,16,0,1.3168,9.72,7/28/1987
5,434,ABAM,N,0,1987,47,,,,,52.5,2.8,,,,,,,54,N,5.57,2,0,13,190,20,0,1.1775,8.953,7/28/1987
5,435,THPL,N,0,1987,57.5,,,,,58,2.8,,,,,,,50,N,5.52,0.7,0.1,350,190,15,9,1.3918,9.567,7/28/1987
5,436,PSME,N,0,1987,56,,,,,52,2.8,,,,,,,51,N,5.54,1.8,0.3,358,210,3,1,1.2004,8.714,7/28/1987
5,437,PSME,E,0,1987,51.7,,,,,,,,,,,,,44.9,Y,5.5,,,,,,,1.0127,8.345,7/28/1987
5,438,THPL,N,0,1987,59.5,,,,,56,2.8,,,,,,,54,N,5.52,2.2,0,100,205,9,7,1.3729,9.797,7/28/1987
5,439,THPL,N,0,1987,48,,,,,53.5,2.8,,,,,,,52,N,5.58,4.1,0,294,212,1,2,1.2021,8.969,7/28/1987
5,440,ABAM,N,0,1987,55,,,,,58,2.8,,,,,,,59.5,N,5.54,1.5,0,302,215,9,8,1.4519,10.006,7/28/1987
5,441,ABAM,N,0,1987,55,,,,,50,2.8,,,,,,,45,N,5.59,3.9,0.3,285,200,0,11,1.1013,8.781,7/28/1987
5,442,THPL,N,0,1987,49,,,,,47.5,2.9,,,,,,,43,N,5.75,2.2,0,295,205,12,8,0.9992,8.399,7/28/1987
5,443,THPL,N,0,1987,53.5,,,,,53,2.8,,,,,,,43.5,N,5.57,4.1,0,280,175,0,9,1.1659,8.75,7/28/1987
5,444,TSHE,N,0,1987,53.5,,,,,50.5,2.8,,,,,,,47.5,N,5.57,4.2,0,272,180,1,8,1.117,8.836,7/28/1987
5,445,TSHE,E,0,1987,51.9,,,,,,,,,,,,,42.3,Y,5.5,,,,,,,0.9682,8.138,7/28/1987
5,446,THPL,N,0,1987,55,,,,,62,2.7,,,,,,,65,N,5.44,0,0,272,182,3,5,1.6112,10.368,7/28/1987
5,447,PSME,E,0,1987,59.3,,,,,,,,,,,,,50.7,Y,5.5,,,,,,,1.3147,9.503,7/28/1987
5,448,PSME,E,0,1987,54.4,,,,,,,,,,,,,48.2,Y,5.5,,,,,,,1.141,8.863,7/28/1987
5,449,PSME,N,0,1987,50,,,,,50.5,2.8,,,,,,,47.5,N,5.53,1.6,0,265,240,10,0,1.0827,8.569,7/28/1987
5,450,PSME,E,0,1987,50.6,,,,,,,,,,,,,47.4,Y,5.5,,,,,,,1.0383,8.465,7/28/1987
5,451,ABAM,N,0,1987,44,,,,,49.5,2.8,,,,,,,50.5,N,5.57,2,0.1,285,230,5,11,1.0417,8.399,7/28/1987
5,452,ABAM,N,0,1987,50,,,,,48,2.8,,,,,,,44,N,5.56,0.5,0,267,210,9,15,0.9936,8.267,7/28/1987
5,453,TSHE,N,0,1987,61,,,,,58,2.8,,,,,,,55,N,5.53,2.3,0,285,260,12,11,1.4624,10.075,7/28/1987
5,454,PSME,N,0,1987,45.5,,,,,49,2.8,,,,,,,49,N,5.54,1.2,0,230,297,1,3,1.0207,8.324,7/28/1987
5,455,PSME,N,0,1987,46.5,,,,,48,2.8,,,,,,,50,N,5.52,1.7,0,230,250,14,0,1.0028,8.351,7/28/1987
5,456,THPL,N,0,1987,69.5,,,,,67.5,2.8,,,,,,,63,N,5.53,1.3,0,270,215,5,7,1.9562,11.581,7/28/1987
5,374,PSME,N,1,1986,55,,0.5,,1.5,52,2.8,,2.4,,3.2,,4.2,48,N,5.52,0.5,0,245,170,0,19,1.1666,8.959,9/10/1986
5,381,TSHE,E,1,1986,62,,0.5,,1,59,2.8,,1.6,,3,,3.6,57,N,5.53,0,0.2,140,140,5,5,1.5214,10.306,9/10/1986
5,382,THPL,N,1,1986,61,,0.7,,1.6,46,2.8,,2.5,,3.4,,4.3,43,N,5.58,3.2,0.1,330,155,3,2,1.0251,8.77,9/10/1986
5,394,ABAM,N,1,1986,59,,0.6,,1.7,56,2.8,,2.5,,3.5,,4.4,53,N,5.52,1.4,0,250,185,10,22,1.3609,9.71,9/10/1986
5,403,PSME,E,1,1986,59,,0.5,,1.1,56,2.8,,1.8,,2.3,,3.7,53,N,5.54,2.6,0.1,315,215,5,4,1.3658,9.745,9/10/1986
5,414,TSHE,N,1,1986,59,,,,,57,2.7,,,,,,,54,N,5.46,3.8,0.3,55,175,0,11,1.386,9.719,9/10/1986
5,378,PSME,N,2,1987,55.5,,0.3,,1.2,54.5,2.8,,2.1,,2.9,,3.8,51,N,5.55,1.9,0.3,,,,0,1.2759,9.356,9/2/1987
5,385,TSHE,N,2,1987,60.5,,0.6,,1.4,56,2.8,,2.3,,3.3,,4.1,54,N,5.53,2.8,0.2,,,,0,1.3841,9.873,9/2/1987
5,427,THPL,N,2,1987,59,,0.6,,1.5,47.5,2.8,,2.3,,3.3,,4.2,43,N,5.61,2,0,,,,0,1.0542,8.785,9/2/1987
5,440,ABAM,N,2,1987,60,,0.5,,1.4,57,2.8,,2.1,,3.3,,4.1,55.5,N,5.54,2.7,0,,,,15,1.4269,10.006,9/2/1987
5,399,PSME,N,3,1988,53.7,,0.2,,1.2,51,2.8,,2.1,,3.3,,4.4,49.7,N,5.57,0,0.2,,,,0,1.1489,9.005,9/26/1988
5,434,ABAM,N,3,1988,54.5,,0.6,,1.6,52.3,2.8,,2.5,,3.7,,4.6,52.5,N,5.58,0,0,,,,0,1.2174,9.307,9/26/1988
5,435,THPL,N,3,1988,57.3,,,,,56,2.8,,,,,,,51,N,5.53,0,0,,,,6,1.334,9.514,9/26/1988
5,453,TSHE,N,3,1988,62.1,,0.4,,1.6,58.1,2.8,,2.6,,3.8,,4.6,56.5,N,5.55,0,0,,,,4,1.493,10.268,9/26/1988
5,367,ABAM,N,4,1989,54,,0.4,,1.3,47.5,2.7,,2.6,,3.7,,4.6,42,N,5.45,1.5,0.2,322,240,6,25,0.9777,8.19,9/8/1989
5,412,TSHE,N,4,1989,57.5,,0.3,,1.5,55.6,2.8,,2.5,,3.5,,4.6,51.6,N,5.57,1.5,0.1,117,290,10,16,1.3368,9.606,9/8/1989
5,424,PSME,N,4,1989,56,,0.3,,1.2,54,2.8,,2.3,,3.5,,4.7,52.5,N,5.57,0.8,0,100,180,6,0,1.28,9.477,9/8/1989
5,446,THPL,N,4,1989,64.5,,0.5,,1.6,62,2.7,,2.7,,3.5,,4.6,54.5,N,5.45,0,0,272,182,3,0,1.6056,10.33,9/8/1989
5,408,TSHE,N,5,1990,47,,0.4,,1.3,45,2.8,,2.5,,3.3,,4.3,43,N,5.58,2.5,0.5,,,,5,0.888,7.887,9/6/1990
5,436,PSME,N,5,1990,56,,0.5,,1.4,52,2.8,,2.5,,3.8,,4.6,51,N,5.54,1.5,0.3,,,,0,1.2004,9.223,9/6/1990
5,443,THPL,N,5,1990,57,,0.4,,1.3,53,2.8,,2.6,,3.9,,4.7,47,N,5.56,1.5,0.1,,,,10,1.215,9.141,9/6/1990
5,452,ABAM,N,5,1990,55,,0.3,,1.9,49,2.8,,3,,4,,4.7,45,N,5.55,1,0.1,,,,20,1.0646,8.66,9/6/1990
5,367,ABAM,N,6,1991,54,,0.8,,3,47.5,2.7,,,,,,,42,N,5.45,1.5,0.2,322,240,6,25,0.9777,8.19,9/3/1991
5,378,PSME,N,6,1991,55.5,,1.7,,3.4,54.5,2.8,,,,,,,51,N,5.55,1.9,0.3,,,,0,1.2759,9.356,9/3/1991
5,408,TSHE,N,6,1991,47,,1,,2.9,45,2.8,,,,,,,43,N,5.58,2.5,0.5,,,,5,0.888,7.887,9/3/1991
5,427,THPL,N,6,1991,59,,1.1,,1.9,47.5,2.8,,,,,,,43,N,5.61,2,0,,,,0,1.0542,8.785,9/3/1991
5,367,ABAM,N,7,1992,54,,,,,47.5,2.7,,,,,,,42,N,5.45,1.5,0.2,,,,25,0.9777,8.19,9/24/1992
5,382,THPL,N,7,1992,61,,3,,3.9,46,2.8,,,,,,,43,N,5.58,3.2,0.1,,,,2,1.0251,8.77,9/24/1992
5,412,TSHE,N,7,1992,57.5,,1.2,,3.1,55.6,2.8,,,,,,,51.6,N,5.57,1.5,0.1,,,,16,1.3368,9.606,9/24/1992
5,424,PSME,N,7,1992,56,,1.7,,4.3,54,2.8,,,,,,,52.5,N,5.57,0.8,0,,,,0,1.28,9.477,9/24/1992
5,377,ABAM,N,8,1993,49.5,,0.3,,1.4,52.5,2.8,,2.5,,3.6,,4.5,54,N,5.58,1.6,0,,,,4,1.1973,9.114,9/7/1993
5,398,TSHE,N,8,1993,53.5,,0.3,,1.4,55.5,2.8,,2.5,,3.6,,4.6,49,N,5.54,0.4,0.2,,,,12,1.2752,9.166,9/7/1993
5,438,THPL,N,8,1993,59.5,,0.4,,1.4,56,2.8,,2.3,,3.3,,4.4,54,N,5.52,2.2,0,,,,7,1.3729,9.797,9/7/1993
5,454,PSME,N,8,1993,45.5,,0.6,,1.3,49,2.8,,2.2,,3.5,,4.4,49,N,5.54,1.2,0,,,,3,1.0207,8.324,9/7/1993
5,377,ABAM,N,10,1995,49.5,,3,,4,52.5,2.8,,,,,,,54,N,5.58,1.6,0,,,,4,1.1973,9.114,9/5/1995
5,386,PSME,E,10,1995,50.9,,3.2,,4,,,,,,,,,50.7,Y,5.5,,,,,,,1.1148,8.776,9/5/1995
5,398,TSHE,N,10,1995,53.5,,0.9,,4.1,55.5,2.8,,,,,,,49,N,5.54,0.4,0.2,,,,12,1.2752,9.166,9/5/1995
5,416,TSHE,E,10,1995,57.7,,3.6,,4.2,,,,,,,,,52.1,Y,5.5,,,,,,,1.3053,9.485,9/5/1995
5,438,THPL,N,10,1995,59.5,,1.8,,2.9,56,2.8,,,,,,,54,N,5.52,2.2,0,,,,7,1.3729,9.797,9/5/1995
5,454,PSME,N,10,1995,45.5,,0.9,,1.8,49,2.8,,,,,,,49,N,5.54,1.2,0,,,,3,1.0207,8.324,9/5/1995
5,377,ABAM,N,12,1997,49.5,,1.2,,4.6,52.5,2.8,,,,,,,54,Y,5.58,1.6,,,,,4,1.1973,9.114,9/15/1997
5,399,PSME,N,12,1997,53.7,,1.3,,3.5,51,2.8,,,,,,,49.7,Y,5.57,0,0.2,,,,,1.1489,9.005,9/15/1997
5,435,THPL,N,12,1997,57.5,,,,,57,2.8,,,,,,,51,Y,5.53,,,,,,,1.3684,9.583,9/15/1997
5,453,TSHE,N,12,1997,62.1,,1.3,,3.5,58.1,2.8,,,,,,,56.5,Y,5.55,,,,,,,1.493,10.268,9/15/1997
5,388,TSHE,N,16,2001,51,,1.1,,1.9,,,,2.8,,3.7,,4.3,46,N,5.55,0.7,1.2,,,,,1.0281,8.455,10/2/2001
5,401,ABAM,N,16,2001,57,,1,,1.8,,,,2.8,,3.5,,4.5,50,N,5.58,0,2.4,,,,,1.2598,9.378,10/2/2001
5,415,PSME,N,16,2001,58,,1,,1.9,,,,2.6,,3.6,,4.2,54,N,5.56,0,0,,,,,1.3712,9.78,10/2/2001
5,421,THPL,N,16,2001,52,,1.1,,1.9,,,,2.7,,3.6,,4.5,45,N,5.6,0.4,0.6,,,,,1.04,8.532,10/2/2001
5,361,PSME,N,20,2005,60,,0.9,,1.9,,,,2.8,,3.7,,4.5,56.5,N,5.57,0,0.1,,,,,1.4857,10.191,9/12/2005
5,395,TSHE,N,20,2005,50,,1.3,,2.2,,,,3.1,,3.8,,4.6,45,N,5.56,0,0.6,,,,,0.988,8.296,9/12/2005
5,417,ABAM,N,20,2005,62,,1.1,,2.2,,,,3.3,,3.9,,4.6,54.5,N,5.55,0,2,,,,,1.4852,10.155,9/12/2005
5,432,THPL,N,20,2005,60,,1.2,,2,,,,2.6,,3.5,,4.4,46.5,N,5.47,1,2,,,,,1.2378,9.152,9/12/2005
5,380,PSME,N,30,2015,49,45.9,0.8,41,1.8,44,2.8,,2.8,41,3.8,43,4.8,43.5,N,5.52,0,1.3,,,,,0.802,7.888,9/17/2015
5,420,TSHE,N,30,2015,51.4,54,0.8,55.4,1.8,57.5,2.8,,2.8,56.5,3.8,57.5,4.8,58,N,5.6,0,3.6,,,,,1.3884,9.786,9/17/2015
5,441,ABAM,N,30,2015,35.7,34.6,0.8,42.1,1.8,43.5,2.8,,2.8,40.5,3.8,34.5,4.8,36.1,N,5.55,0,2,,,,,0.6711,6.7,9/17/2015
5,442,THPL,N,30,2015,43.5,42,0.8,41,1.8,39.5,2.8,,2.8,38,3.8,38.5,4.8,39,N,5.59,0.5,3.7,,,,,0.6961,7.14,9/17/2015
6,457,THPL,N,0,1986,66,,,,,63,2.7,,,,,,,58,N,,,,,,,,,,
6,458,ABAM,N,0,1987,58,,,,,57,2.7,,,,,,,53.5,N,,,,,,,,,,
6,459,PSME,N,0,1987,50.5,,,,,49.5,2.8,,,,,,,48.5,N,,,,,,,,,,
6,460,ABAM,N,0,1986,77,,,,,62,2.7,,,,,,,58,N,,,,,,,,,,
6,461,ABAM,N,0,1987,40.5,,,,,41,2.8,,,,,,,47.5,N,,,,,,,,,,
6,462,TSHE,N,0,1987,55.7,,,,,55,2.8,,,,,,,57.5,N,,,,,,,,,,
6,463,TSHE,N,0,1986,65,,,,,61,2.7,,,,,,,57,N,,,,,,,,,,
6,464,THPL,N,0,1987,42.5,,,,,45,2.7,,,,,,,64.5,N,,,,,,,,,,
6,465,TSHE,N,0,1987,52,,,,,50,2.8,,,,,,,47,N,,,,,,,,,,
6,466,ABAM,N,0,1987,58.5,,,,,57,2.7,,,,,,,44,N,,,,,,,,,,
6,467,ABAM,N,0,1987,53.5,,,,,48,2.8,,,,,,,46.5,N,,,,,,,,,,
6,468,TSHE,N,0,1987,42,,,,,46,2.8,,,,,,,45.5,N,,,,,,,,,,
6,469,ABAM,N,0,1987,53,,,,,53,2.7,,,,,,,48,N,,,,,,,,,,
6,470,THPL,N,0,1987,40,,,,,46.5,2.7,,,,,,,45.5,N,,,,,,,,,,
6,471,THPL,N,0,1987,47,,,,,52,2.8,,,,,,,60.5,N,,,,,,,,,,
6,472,PSME,N,0,1987,46,,,,,51.5,2.8,,,,,,,52,N,,,,,,,,,,
6,473,THPL,N,0,1987,52.5,,,,,56,2.8,,,,,,,60.5,N,,,,,,,,,,
6,474,PSME,N,0,1987,50.5,,,,,48.5,2.7,,,,,,,46,N,,,,,,,,,,
6,475,THPL,N,0,1987,46.5,,,,,47,2.8,,,,,,,56,N,,,,,,,,,,
6,476,PSME,N,0,1987,51.5,,,,,54,2.8,,,,,,,54.5,N,,,,,,,,,,
6,477,THPL,N,0,1987,51,,,,,50.5,2.7,,,,,,,46.5,N,,,,,,,,,,
6,478,ABAM,N,0,1987,49.5,,,,,46,2.8,,,,,,,43,N,,,,,,,,,,
6,479,THPL,N,0,1987,44,,,,,50,2.8,,,,,,,51,N,,,,,,,,,,
6,480,THPL,N,0,1987,50,,,,,48,2.8,,,,,,,43,N,,,,,,,,,,
6,481,THPL,N,0,1987,60,,,,,63,2.7,,,,,,,61,N,,,,,,,,,,
6,482,ABAM,N,0,1987,56.5,,,,,51,2.8,,,,,,,50,N,,,,,,,,,,
6,483,ABAM,N,0,1987,53.5,,,,,61,2.7,,,,,,,64,N,,,,,,,,,,
6,484,THPL,N,0,1987,48.5,,,,,54,2.7,,,,,,,66,N,,,,,,,,,,
6,485,ABAM,N,0,1987,43.5,,,,,56,2.7,,,,,,,52.5,N,,,,,,,,,,
6,486,THPL,N,0,1987,53,,,,,56.5,2.8,,,,,,,66.5,N,,,,,,,,,,
6,487,PSME,N,0,1987,48.5,,,,,47,2.8,,,,,,,41.5,N,,,,,,,,,,
6,488,TSHE,N,0,1987,46.5,,,,,47,2.8,,,,,,,57.5,N,,,,,,,,,,
6,489,ABAM,N,0,1987,39.5,,,,,43,2.7,,,,,,,42.5,N,,,,,,,,,,
6,490,TSHE,N,0,1987,46,,,,,47,2.6,,,,,,,52,N,,,,,,,,,,
6,491,ABAM,N,0,1987,56,,,,,49,2.8,,,,,,,47,N,,,,,,,,,,
6,492,TSHE,N,0,1987,58,,,,,48.5,2.8,,,,,,,44.5,N,,,,,,,,,,
6,493,PSME,N,0,1987,50,,,,,59,2.8,,,,,,,56.5,N,,,,,,,,,,
6,494,ABAM,N,0,1987,64.5,,,,,62,2.7,,,,,,,49.5,N,,,,,,,,,,
6,495,TSHE,N,0,1987,51,,,,,48.5,2.7,,,,,,,43.5,N,,,,,,,,,,
6,496,ABAM,N,0,1987,65,,,,,63,2.7,,,,,,,67.5,N,,,,,,,,,,
6,497,PSME,N,0,1987,59,,,,,46.5,2.8,,,,,,,45,N,,,,,,,,,,
6,498,PSME,N,0,1987,51.5,,,,,58.5,2.8,,,,,,,64,N,,,,,,,,,,
6,499,TSHE,N,0,1987,47,,,,,47,2.8,,,,,,,43,N,,,,,,,,,,
6,500,ABAM,N,0,1987,43,,,,,43,2.7,,,,,,,49,N,,,,,,,,,,
6,501,THPL,N,0,1987,40,,,,,48,2.7,,,,,,,48.5,N,,,,,,,,,,
6,502,PSME,N,0,1986,47,,,,,45,2.8,,,,,,,43,N,,,,,,,,,,
6,503,TSHE,N,0,1987,48,,,,,56,2.8,,,,,,,60.5,N,,,,,,,,,,
6,504,PSME,N,0,1987,52.5,,,,,53,2.7,,,,,,,63,N,,,,,,,,,,
6,505,PSME,N,0,1987,52,,,,,53,2.8,,,,,,,54.5,N,,,,,,,,,,
6,506,PSME,N,0,1987,51.5,,,,,50,2.8,,,,,,,46,N,,,,,,,,,,
6,507,TSHE,N,0,1987,51,,,,,45,2.8,,,,,,,44,N,,,,,,,,,,
6,508,PSME,N,0,1987,45,,,,,45,2.7,,,,,,,47,N,,,,,,,,,,
6,509,TSHE,N,0,1987,53,,,,,57.5,2.7,,,,,,,62.5,N,,,,,,,,,,
6,510,TSHE,N,0,1987,57,,,,,52,2.7,,,,,,,42.5,N,,,,,,,,,,
6,511,THPL,N,0,1987,63.5,,,,,60,2.8,,,,,,,56,N,,,,,,,,,,
6,512,PSME,N,0,1987,55,,,,,55,2.7,,,,,,,51,N,,,,,,,,,,
6,513,TSHE,N,0,1987,62.5,,,,,62,2.7,,,,,,,54.5,N,,,,,,,,,,
6,514,PSME,N,0,1987,60.5,,,,,60,2.8,,,,,,,58,N,,,,,,,,,,
6,515,ABAM,N,0,1987,42,,,,,46,2.8,,,,,,,48,N,,,,,,,,,,
6,516,THPL,N,0,1987,51.5,,,,,55,2.8,,,,,,,59.5,N,,,,,,,,,,
6,517,THPL,N,0,1987,49.5,,,,,53,2.7,,,,,,,56,N,,,,,,,,,,
6,518,ABAM,N,0,1987,55,,,,,51,2.8,,,,,,,44,N,,,,,,,,,,
6,519,TSHE,N,0,1987,47.5,,,,,50,2.8,,,,,,,53,N,,,,,,,,,,
6,520,TSHE,N,0,1987,64,,,,,60,3.1,,,,,,,53,N,,,,,,,,,,
6,521,THPL,N,0,1987,48.5,,,,,44,2.7,,,,,,,41.5,N,,,,,,,,,,
6,522,PSME,N,0,1987,55.5,,,,,58,2.8,,,,,,,50,N,,,,,,,,,,
6,523,PSME,N,0,1987,47,,,,,50,2.8,,,,,,,52.5,N,,,,,,,,,,
6,524,TSHE,N,0,1987,51,,,,,52,2.7,,,,,,,46,N,,,,,,,,,,
6,525,PSME,N,0,1987,53,,,,,52,2.8,,,,,,,49,N,,,,,,,,,,
6,526,THPL,N,0,1987,59,,,,,57,2.7,,,,,,,51.5,N,,,,,,,,,,
6,527,THPL,N,0,1987,45,,,,,45,2.8,,,,,,,55.5,N,,,,,,,,,,
6,528,ABAM,N,0,1987,49,,,,,50.5,2.8,,,,,,,58,N,,,,,,,,,,
6,535,THPL,N,0,1987,64.5,,,,,59,3.2,,,,,,,53,N,6.3,,,,,,,,,
6,457,THPL,N,1,1986,66,,0.5,,1.5,63,2.7,,2.2,,3.2,,4.1,58,N,5.46,,,,,,,,,
6,460,ABAM,N,1,1986,77,,0.5,,1.3,62,2.7,,2.5,,3.4,,4.3,58,N,5.49,,,,,,,,,
6,463,TSHE,N,1,1986,65,,0.5,,1.2,61,2.7,,2.2,,3.1,,4.2,57,N,5.37,,,,,,,,,
6,502,PSME,N,1,1986,47,,0.4,,1.4,45,2.8,,2.4,,3.4,,4.4,43,N,5.55,,,,,,,,,
6,482,ABAM,N,2,1987,58.5,,0.5,,1.3,52,2.8,,2.4,,3.3,,4.2,48,N,5.5,,,,,,,,,
6,484,THPL,N,2,1987,64,,0.5,,1.2,56,2.7,,2.2,,3.1,,4.1,46,N,5.41,,,,,,,,,
6,508,PSME,N,2,1987,44.5,,0.5,,1.5,45.5,2.7,,2.2,,3.2,,4.1,46,N,5.49,,,,,,,,,
6,513,TSHE,N,2,1987,64.5,,0.6,,1.2,59,2.7,,2.3,,3,,3.8,53,N,5.44,,,,,,,,,
6,493,PSME,N,3,1988,56.9,,0.3,,1.3,54,2.8,,2.6,,3.4,,4.4,51,N,5.55,,,,,,,,,
6,494,ABAM,N,3,1988,65.9,,0.4,,1.1,59.6,2.7,,2,,3,,4.1,51.8,N,5.49,,,,,,,,,
6,516,THPL,N,3,1988,60,,0.4,,1.6,53.7,2.8,,2.5,,3.6,,4.6,51.4,N,5.6,,,,,,,,,
6,520,TSHE,N,3,1988,63.2,,0.5,,1.6,57.9,3.1,,2.7,,4.2,,5.4,54.1,N,6.22,,,,,,,,,
6,466,ABAM,N,4,1989,59,,0.6,,1.7,54.5,2.7,,2.9,,3.8,,4.7,47,N,5.49,,,,,,,,,
6,477,THPL,N,4,1989,50.5,,0.4,,1.5,48.5,2.7,,2.5,,3.5,,4.7,46,N,5.47,,,,,,,,,
6,488,TSHE,N,4,1989,56.6,,0.5,,1.4,48.5,2.8,,2.5,,3.2,,4.4,46,N,5.54,,,,,,,,,
6,523,PSME,N,4,1989,54,,0.3,,1.7,50.5,2.8,,2.6,,3.7,,4.8,47.5,N,5.56,,,,,,,,,
6,511,THPL,N,5,1990,64,,0.3,,1.4,60,2.8,,2.2,,3.4,,4.4,58,N,5.5,,,,,,,,,
6,514,PSME,N,5,1990,62,,0.5,,1.6,60,2.8,,2.6,,3.4,,4.5,59,N,5.53,,,,,,,,,
6,518,ABAM,N,5,1990,55,,0.5,,1.7,51,2.8,,2.7,,3.5,,4.3,44,N,5.5,,,,,,,,,
6,519,TSHE,N,5,1990,53,,0.4,,1.3,50,2.8,,2.8,,3.7,,4.5,48,N,5.59,,,,,,,,,
6,482,ABAM,N,6,1991,58.5,,2.8,,3.7,52,2.8,,,,,,,48,N,5.5,,,,,,,,,
6,493,PSME,N,6,1991,56.9,,2,,3.8,54,2.8,,,,,,,51,N,5.55,,,,,,,,,
6,511,THPL,N,6,1991,64,,0.6,,1.7,60,2.8,,,,,,,58,N,5.5,,,,,,,,,
6,519,TSHE,N,6,1991,53,,,,,50,2.8,,,,,,,48,N,5.59,,,,,,,,,
6,488,TSHE,N,7,1992,56.6,,1.7,,2.7,48.5,2.8,,,,,,,46,N,5.54,,,,,,,,,
6,494,ABAM,N,7,1992,65.9,,1.6,,3.3,59.6,2.7,,,,,,,51.8,N,5.49,,,,,,,,,
6,508,PSME,N,7,1992,44.5,,2.7,,3.4,45.5,2.7,,,,,,,46,N,5.49,,,,,,,,,
6,511,THPL,N,7,1992,64,,1,,4.1,60,2.8,,,,,,,58,N,5.5,,,,,,,,,
6,472,PSME,N,8,1993,46,,0.3,,1.4,51.5,2.8,,2.6,,3.9,,4.8,52,N,5.52,,,,,,,,,
6,479,THPL,N,8,1993,44,,0.4,,1.4,50,2.8,,2.5,,3.6,,4.8,51,N,5.52,,,,,,,,,
6,485,ABAM,N,8,1993,43.5,,0.3,,1.5,56,2.7,,2.6,,3.6,,4.6,52.5,N,5.44,,,,,,,,,
6,507,TSHE,N,8,1993,51,,0.4,,1.4,45,2.8,,2.6,,3.7,,4.7,44,N,5.54,,,,,,,,,
6,514,PSME,N,10,1995,62,,1.1,,2.2,60,2.8,,,,,,,59,N,5.53,,,,,,,,,
6,516,THPL,N,10,1995,60,,2.9,,4,53.7,2.8,,,,,,,51.4,N,5.6,,,,,,,,,
6,518,ABAM,N,10,1995,55,,1,,3.1,51,2.8,,,,,,,44,N,5.5,,,,,,,,,
6,519,TSHE,N,10,1995,53,,2.3,,4.5,50,2.8,,,,,,,48,N,5.59,,,,,,,,,
6,531,TSHE,J,10,1995,,,1.6,,2.7,,,,,,,,,,N,,,,,,,,,,
6,536,TSHE,J,10,1995,76,,1.9,,3,,,,,,,,,83,Y,2.5,,,,,,,,,
6,466,ABAM,N,12,1997,58.5,,1.8,,3.6,55,2.7,,,,,,,47,Y,5.49,,,,,,,,,
6,479,THPL,N,12,1997,44,,1.3,,3.2,50,2.8,,,,,,,51,Y,5.52,,,,,,,,,
6,507,TSHE,N,12,1997,51,,1.4,,2.4,45,2.8,,,,,,,44,Y,5.54,,,,,,,,,
6,514,PSME,N,12,1997,62,,1.4,,3.5,60,2.8,,,,,,,59,Y,5.53,,,,,,,,,
6,473,THPL,N,16,2001,57,,1.1,,1.9,,,,2.8,,3.6,,4.5,52,N,5.52,,,,,,,,,
6,496,ABAM,N,16,2001,64,,1.1,,1.9,61,2.7,,3,,3.6,,4.3,62,N,5.47,,,,,,,,,
6,497,PSME,N,16,2001,59,,1.1,,2,,,,2.9,,3.6,,4.3,45,N,5.52,,,,,,,,,
6,509,TSHE,N,16,2001,62,,1.1,,2,,,,2.6,,3.1,,4.2,53,N,5.48,,,,,,,,,
6,469,ABAM,N,20,2005,51,,0.9,,1.6,,,,2.9,,3.6,,4.5,48.5,N,5.51,,,,,,,,,
6,474,PSME,N,20,2005,52,,1,,1.9,,,,2.7,,3.7,,4.6,43,N,5.49,,,,,,,,,
6,503,TSHE,N,20,2005,54,,1.3,,2.3,,,,3,,3.7,,4.5,45,N,5.58,,,,,,,,,
6,521,THPL,N,20,2005,45,,1.1,,1.9,,,,2.7,,3.8,,4.5,39.5,N,5.49,,,,,,,,,
6,532,PSME,J,20,2005,83,,1.4,,1.7,,,,,,,,,76,N,2.87,,,,,,,,,
6,536,TSHE,J,20,2005,76,,1.2,,1.5,,,,,,,,,83,N,2.5,,,,,,,,,
6,468,TSHE,N,30,2015,45.4,43.4,0.8,43.4,1.8,41,2.8,,2.8,40.5,3.8,41,4.8,37,N,5.58,,,,,,,,,
6,476,PSME,N,30,2015,52,54,0.8,51,1.8,47,2.8,,2.8,51,3.8,50,4.8,50,N,5.58,,,,,,,,,
6,478,ABAM,N,30,2015,39.5,43.4,0.8,40,1.8,38.5,2.8,,2.8,37,3.8,31.2,4.8,30.8,N,5.5,,,,,,,,,
6,526,THPL,N,30,2015,58.9,51.5,0.8,51,1.8,48.5,2.8,,2.8,47.5,3.8,47,4.8,50,N,5.5,,,,,,,,,
